{"cameraMode":{"drawMode":0,"name":"Shaded","section":"Shading Mode"},"sceneLighting":true,"audioPlay":false,"sceneViewState":{"showFog":true,"showMaterialUpdate":false,"showSkybox":true,"showFlares":true,"showImageEffects":true,"showParticleSystems":true},"in2DMode":false,"pivot":{"x":2.1410927772521974,"y":6.09269905090332,"z":2.5044679641723635},"rotation":{"x":0.10568036884069443,"y":0.01938956417143345,"z":-0.0020609998609870674,"w":0.9942095279693604},"size":7.428409576416016,"orthographic":false}