{"cameraMode":{"drawMode":0,"name":"Shaded","section":"Shading Mode"},"sceneLighting":false,"audioPlay":false,"sceneViewState":{"showFog":true,"showMaterialUpdate":false,"showSkybox":false,"showFlares":true,"showImageEffects":true,"showParticleSystems":true},"in2DMode":false,"pivot":{"x":5.911576747894287,"y":-1.9899235963821412,"z":3.6392369270324709},"rotation":{"x":0.1935093253850937,"y":-0.44372034072875979,"z":0.09875865280628205,"w":0.8694325685501099},"size":7.071776866912842,"orthographic":false}