{"cameraMode":{"drawMode":2,"name":"Shaded Wireframe","section":"Shading Mode"},"sceneLighting":false,"audioPlay":false,"sceneViewState":{"showFog":true,"showMaterialUpdate":false,"showSkybox":false,"showFlares":true,"showImageEffects":true,"showParticleSystems":true},"in2DMode":false,"pivot":{"x":-0.38042980432510378,"y":0.19545197486877442,"z":-0.08017653226852417},"rotation":{"x":-0.1311226785182953,"y":0.8687106966972351,"z":-0.32847365736961367,"w":-0.3467789888381958},"size":0.2660253643989563,"orthographic":false}