{"cameraMode":{"drawMode":0,"name":"Shaded","section":"Shading Mode"},"sceneLighting":true,"audioPlay":false,"sceneViewState":{"showFog":true,"showMaterialUpdate":false,"showSkybox":true,"showFlares":true,"showImageEffects":true,"showParticleSystems":true},"in2DMode":false,"pivot":{"x":10.69936466217041,"y":8.174694061279297,"z":9.491120338439942},"rotation":{"x":-0.22863808274269105,"y":0.5699269771575928,"z":-0.1690250188112259,"w":-0.7709347009658814},"size":4.448371887207031,"orthographic":false}