{"cameraMode":{"drawMode":2,"name":"Shaded Wireframe","section":"Shading Mode"},"sceneLighting":false,"audioPlay":false,"sceneViewState":{"showFog":true,"showMaterialUpdate":false,"showSkybox":false,"showFlares":true,"showImageEffects":true,"showParticleSystems":true},"in2DMode":false,"pivot":{"x":-0.34268897771835329,"y":0.09245064854621887,"z":-1.0469765663146973},"rotation":{"x":0.04834986850619316,"y":0.9516541957855225,"z":-0.2148076295852661,"w":0.21420477330684663},"size":0.17435461282730103,"orthographic":false}