{"cameraMode":{"drawMode":0,"name":"Shaded","section":"Shading Mode"},"sceneLighting":false,"audioPlay":false,"sceneViewState":{"showFog":true,"showMaterialUpdate":false,"showSkybox":false,"showFlares":true,"showImageEffects":true,"showParticleSystems":true},"in2DMode":false,"pivot":{"x":19.06999969482422,"y":1.106382131576538,"z":-32.36000061035156},"rotation":{"x":0.33753320574760439,"y":-0.022588558495044709,"z":0.008102276362478733,"w":0.941009521484375},"size":36.68486022949219,"orthographic":false}